gu,count,rate,silhouette_coeff,score
노원구,61,0.08221024258760108,0.434930562012446,0.01508892523898165
동작구,46,0.06199460916442048,0.46570598695596915,0.012183671992977456
서대문구,16,0.0215633423180593,0.47509005541243315,0.004323191447634433
서초구,17,0.022911051212938006,0.304473016323216,0.00294378627911422
성북구,40,0.05390835579514825,0.4550361312291604,0.010351765357342625
송파구,40,0.05390835579514825,0.449886413332289,0.01023461274534911
양천구,33,0.0444743935309973,0.5028717980654179,0.009437995498462276
중랑구,39,0.05256064690026954,0.39914146674155665,0.008853194419989946
